{"_timestamp":1.7725278901962159e+09,"_wandb":{"runtime":120},"_runtime":120,"_step":1,"epoch":2,"train_loss":0.4018117557393188}