{"train_loss":0.35345739500144946,"_timestamp":1.7725274102539222e+09,"_wandb":{"runtime":530},"_runtime":530,"_step":4,"epoch":5}