{"epoch":5,"train_loss":0.31513546662959074,"_timestamp":1.7725268094013934e+09,"_step":4,"_wandb":{"runtime":136},"_runtime":136}